login,full_name,created_at,stargazers_count,watchers_count,language,has_projects,has_wiki,license_name
getify,getify/A-Tale-Of-Three-Lists,2015-10-13T03:10:43Z,651,651,JavaScript,True,True,
getify,getify/asyncGate.js,2011-10-21T13:42:28Z,21,21,JavaScript,True,False,
getify,getify/asynquence,2012-02-06T16:45:29Z,1743,1743,JavaScript,True,False,
getify,getify/BikechainJS,2010-02-18T03:26:20Z,82,82,C++,True,True,
getify,getify/breakthewebforward.com,2015-05-26T04:50:05Z,1,1,JavaScript,True,True,
getify,getify/CAF,2018-01-07T22:36:50Z,1332,1332,JavaScript,True,True,mit
getify,getify/cloud-sweeper,2016-02-02T20:11:47Z,94,94,JavaScript,True,True,
getify,getify/concrete-syntax-tree,2014-03-18T12:16:27Z,106,106,,True,True,
getify,getify/deePool,2016-12-11T20:48:09Z,117,117,JavaScript,True,True,mit
getify,getify/demo-app-weatheround,2023-10-04T15:21:53Z,7,7,JavaScript,True,True,mit
getify,getify/DOMEventBridge,2013-03-25T21:04:43Z,14,14,JavaScript,True,True,
getify,getify/domio,2021-01-19T14:00:08Z,30,30,JavaScript,True,True,mit
getify,getify/dwordly-game,2022-02-10T22:41:06Z,43,43,JavaScript,True,True,mit
getify,getify/elasi,2022-10-13T10:43:56Z,63,63,JavaScript,True,True,mit
getify,getify/emdash,2015-01-19T17:56:03Z,36,36,,True,True,
getify,getify/ES-Feature-Tests,2015-05-05T01:13:14Z,199,199,JavaScript,True,True,
getify,getify/eslint-plugin-arrow-require-this,2019-03-02T02:17:02Z,29,29,JavaScript,False,False,mit
getify,getify/eslint-plugin-no-optional-call,2022-09-21T20:33:02Z,30,30,JavaScript,True,True,mit
getify,getify/eslint-plugin-proper-arrows,2019-03-11T13:38:08Z,307,307,JavaScript,True,True,mit
getify,getify/eslint-plugin-proper-ternary,2019-03-24T14:08:58Z,96,96,JavaScript,True,True,mit
getify,getify/esre,2013-07-25T03:57:21Z,20,20,,True,True,
getify,getify/fasy,2017-10-11T12:33:38Z,543,543,JavaScript,True,True,mit
getify,getify/featuretests.io,2015-03-23T06:00:55Z,16,16,JavaScript,True,True,
getify,getify/foi-lang,2022-09-22T15:59:56Z,308,308,JavaScript,True,True,mit
getify,getify/FoilScript,2013-03-21T19:55:10Z,16,16,,True,True,
getify,getify/FPO,2017-02-13T15:59:47Z,448,448,JavaScript,True,True,mit
getify,getify/Functional-Light-JS,2016-08-17T01:40:50Z,16641,16641,JavaScript,True,True,other
getify,getify/getify.github.io,2013-05-21T04:29:30Z,113,113,JavaScript,True,True,
getify,getify/grips,2010-01-20T17:43:50Z,287,287,JavaScript,True,False,
getify,getify/gum-try-hd,2020-09-23T20:42:38Z,25,25,JavaScript,True,True,mit
benawad,benawad/accounts,2018-11-23T16:54:22Z,7,7,TypeScript,True,True,mit
benawad,benawad/Android-To-Do-List,2015-04-26T00:17:22Z,6,6,Java,True,True,
benawad,benawad/api-request-graphql,2018-03-26T17:36:04Z,23,23,JavaScript,True,True,
benawad,benawad/apollo-cache-update,2019-03-26T02:37:16Z,32,32,TypeScript,True,True,
benawad,benawad/apollo-codegen-example-usage,2018-03-14T21:04:16Z,16,16,TypeScript,True,True,
benawad,benawad/apollo-datasource-rest-example,2018-10-11T15:38:46Z,13,13,TypeScript,True,True,
benawad,benawad/apollo-link-state-tutorial,2019-03-04T14:41:55Z,27,27,TypeScript,True,True,
benawad,benawad/apollo-mocked-provider,2019-06-14T00:48:25Z,92,92,TypeScript,True,True,mit
benawad,benawad/apollo-mocked-provider-example,2019-06-14T00:51:50Z,20,20,TypeScript,True,True,
benawad,benawad/apollo-server-react-file-upload,2019-05-25T00:43:30Z,84,84,JavaScript,True,True,
benawad,benawad/apollo-upload-example,2018-04-15T16:19:40Z,8,8,JavaScript,True,True,
benawad,benawad/astral-bugs,2021-08-16T16:19:05Z,41,41,,True,True,
benawad,benawad/astralfans-landing,2021-07-04T22:39:16Z,94,94,HTML,True,True,
benawad,benawad/aws-appsync-example,2018-10-16T20:26:28Z,15,15,TypeScript,True,True,
benawad,benawad/aws-appsync-series,2018-11-02T23:34:26Z,19,19,,True,True,
benawad,benawad/baklava,2017-07-16T23:20:48Z,11,11,JavaScript,True,True,
benawad,benawad/basic-react-form,2017-07-13T02:15:39Z,85,85,JavaScript,True,True,
benawad,benawad/basic-realtime-react-client,2016-12-29T04:45:57Z,4,4,JavaScript,True,True,
benawad,benawad/benawad.com,2018-10-13T21:57:19Z,109,109,JavaScript,True,True,
benawad,benawad/BlackJack,2014-11-12T02:14:21Z,2,2,Java,True,True,
benawad,benawad/circleci-monorepo,2019-03-13T23:23:33Z,25,25,JavaScript,True,True,
benawad,benawad/circleci-node,2019-03-13T00:02:46Z,17,17,TypeScript,True,True,
benawad,benawad/circleci-react,2019-03-11T23:21:44Z,18,18,JavaScript,True,True,
benawad,benawad/cocktails,2019-06-16T17:16:36Z,2,2,JavaScript,True,True,gpl-3.0
benawad,benawad/codeponder,2018-11-17T04:43:37Z,279,279,TypeScript,True,True,
benawad,benawad/codered-server,2017-11-05T04:31:15Z,1,1,JavaScript,True,True,
benawad,benawad/Connect-Four-Python,2014-11-23T17:51:22Z,4,4,Python,True,True,
benawad,benawad/copy-paste-android-broken,2020-03-07T04:15:04Z,3,3,TypeScript,True,True,
benawad,benawad/cra-redux-saga,2017-08-08T23:05:28Z,75,75,JavaScript,True,True,
benawad,benawad/cra-template-typescript-graphql,2019-12-05T17:28:56Z,42,42,TypeScript,True,True,mit
steveklabnik,steveklabnik/a-very-brief-intro-to-rust,2016-10-08T17:49:50Z,0,0,,True,True,mit
steveklabnik,steveklabnik/abnf,2013-05-12T10:38:24Z,14,14,Ruby,True,True,mit
steveklabnik,steveklabnik/activerecord-jdbc-adapter,2011-06-16T18:31:39Z,3,3,Ruby,True,False,mit
steveklabnik,steveklabnik/ActiveRepository,2012-03-27T15:22:05Z,4,4,Ruby,True,True,
steveklabnik,steveklabnik/active_admin,2011-06-01T16:38:24Z,3,3,Ruby,True,True,other
steveklabnik,steveklabnik/active_merchant,2014-01-20T23:09:30Z,0,0,Ruby,True,True,mit
steveklabnik,steveklabnik/active_model_serializers,2012-05-08T19:30:17Z,10,10,Ruby,True,True,mit
steveklabnik,steveklabnik/active_record-observers,2012-08-10T04:19:51Z,2,2,Ruby,True,True,mit
steveklabnik,steveklabnik/actors,2015-10-28T22:13:50Z,0,0,Rust,True,True,bsd-3-clause
steveklabnik,steveklabnik/adventure,2014-09-06T08:43:06Z,25,25,Rust,True,True,
steveklabnik,steveklabnik/adventure2,2018-10-19T20:48:49Z,1,1,Rust,True,True,
steveklabnik,steveklabnik/alacritty,2017-01-07T17:25:23Z,1,1,Rust,True,True,apache-2.0
steveklabnik,steveklabnik/alfred-rs,2014-10-30T04:22:51Z,0,0,,True,True,
steveklabnik,steveklabnik/alias,2015-10-30T18:30:05Z,0,0,Rust,True,True,
steveklabnik,steveklabnik/allthingsopen2015,2015-10-20T14:05:53Z,0,0,,True,True,
steveklabnik,steveklabnik/almost-sinatra,2012-08-18T08:50:32Z,0,0,Ruby,True,True,
steveklabnik,steveklabnik/ams_208,2013-03-06T22:16:06Z,0,0,Ruby,True,True,
steveklabnik,steveklabnik/ams_257,2013-03-28T22:14:14Z,0,0,Ruby,True,True,
steveklabnik,steveklabnik/angolmois-rust,2014-10-30T04:23:06Z,0,0,Rust,True,False,
steveklabnik,steveklabnik/antisocialne.ws,2012-03-30T00:25:09Z,5,5,Ruby,True,True,
steveklabnik,steveklabnik/anymap,2014-10-30T04:31:15Z,0,0,,True,True,other
steveklabnik,steveklabnik/aoc2017,2017-12-01T14:03:58Z,4,4,HTML,True,True,
steveklabnik,steveklabnik/api-first-apps,2015-11-10T13:53:20Z,0,0,JavaScript,True,True,mit
steveklabnik,steveklabnik/applicative2015,2015-02-26T21:04:37Z,2,2,HTML,True,True,mit
steveklabnik,steveklabnik/apply-pub-rs,2014-08-01T23:34:35Z,0,0,,True,True,mit
steveklabnik,steveklabnik/arm-none-eabi-objcopy,2020-10-27T14:15:20Z,0,0,,True,True,other
steveklabnik,steveklabnik/art_of_rails,2013-11-07T08:28:35Z,2,2,JavaScript,True,True,mit
steveklabnik,steveklabnik/art_of_ruby,2013-11-07T08:29:27Z,4,4,JavaScript,True,True,mit
steveklabnik,steveklabnik/assistant-api,2015-07-04T21:28:25Z,2,2,JavaScript,True,True,
steveklabnik,steveklabnik/assistant-API-endpoints,2015-07-04T18:16:33Z,1,1,JavaScript,True,True,
cloudflare,cloudflare/.github,2019-03-12T15:41:24Z,18,18,,False,False,
cloudflare,cloudflare/a11y-focus-scope,2015-11-04T01:27:03Z,35,35,JavaScript,False,True,bsd-3-clause
cloudflare,cloudflare/a11y-focus-store,2015-11-04T06:01:21Z,25,25,JavaScript,False,True,bsd-3-clause
cloudflare,cloudflare/access-crl-worker-template,2020-02-20T18:16:34Z,12,12,JavaScript,False,True,apache-2.0
cloudflare,cloudflare/advisories,2021-01-19T22:39:36Z,4,4,Python,False,False,
cloudflare,cloudflare/ahocorasick,2013-11-22T17:36:03Z,594,594,Go,False,True,bsd-3-clause
cloudflare,cloudflare/ai-utils,2024-06-27T12:49:08Z,125,125,TypeScript,True,True,other
cloudflare,cloudflare/alertmanager2es,2017-04-13T13:17:34Z,244,244,Go,False,False,apache-2.0
cloudflare,cloudflare/aloha-rs,2023-04-07T18:42:09Z,5,5,Rust,True,True,other
cloudflare,cloudflare/amp-by-example,2017-03-09T23:47:29Z,3,3,HTML,False,True,apache-2.0
cloudflare,cloudflare/amp-docs,2017-03-09T23:52:29Z,2,2,SCSS,False,True,other
cloudflare,cloudflare/amphtml,2016-07-11T00:31:27Z,8,8,JavaScript,False,False,apache-2.0
cloudflare,cloudflare/angular-schema-form,2015-10-17T01:02:14Z,1,1,JavaScript,False,False,mit
cloudflare,cloudflare/angularjs-gravatardirective,2014-05-07T03:04:09Z,1,1,JavaScript,False,True,mit
cloudflare,cloudflare/api-schemas,2022-06-16T18:46:27Z,86,86,JavaScript,False,False,bsd-3-clause
cloudflare,cloudflare/apt-transport-cloudflared,2019-06-17T17:23:08Z,21,21,Go,True,True,bsd-3-clause
cloudflare,cloudflare/Area1API,2016-09-20T17:47:53Z,3,3,Python,True,True,
cloudflare,cloudflare/argo-tunnel-examples,2020-08-09T00:29:02Z,216,216,HCL,True,True,
cloudflare,cloudflare/async-std,2020-01-15T16:58:58Z,3,3,Rust,True,True,apache-2.0
cloudflare,cloudflare/authr,2017-10-19T18:04:11Z,47,47,PHP,False,False,bsd-3-clause
cloudflare,cloudflare/autobench,2014-01-09T15:26:07Z,7,7,Go,False,True,
cloudflare,cloudflare/Azure-Sentinel,2022-08-10T19:19:18Z,2,2,Jupyter Notebook,True,True,mit
cloudflare,cloudflare/babel-preset-cf,2015-11-04T23:02:04Z,7,7,JavaScript,False,True,bsd-3-clause
cloudflare,cloudflare/backgridjs.com,2013-12-07T15:05:47Z,11,11,HTML,False,True,
cloudflare,cloudflare/backoff,2015-12-09T18:45:29Z,46,46,Go,True,True,bsd-2-clause
cloudflare,cloudflare/badupnp,2017-06-28T17:30:11Z,17,17,Makefile,True,True,
cloudflare,cloudflare/bbmp2kafka,2022-11-03T20:38:57Z,14,14,Go,True,True,other
cloudflare,cloudflare/binary-install,2019-11-08T19:14:03Z,48,48,JavaScript,True,True,
cloudflare,cloudflare/binast-benches,2019-04-30T09:13:32Z,1,1,Makefile,True,True,
cloudflare,cloudflare/binast-cf-worker,2019-05-07T16:51:23Z,18,18,JavaScript,True,True,apache-2.0
jbogard,jbogard/abstractions,2018-04-12T13:33:44Z,2,2,C#,True,True,apache-2.0
jbogard,jbogard/AdventureWorksCosmos,2018-08-14T12:55:13Z,95,95,C#,True,True,mit
jbogard,jbogard/AspNetCore,2019-10-07T15:34:34Z,2,2,,True,True,apache-2.0
jbogard,jbogard/aspnetwebstack,2012-03-28T01:56:15Z,6,6,C#,True,True,other
jbogard,jbogard/Autofac,2018-12-14T13:44:01Z,7,7,C#,True,True,mit
jbogard,jbogard/AutoFixture,2013-07-24T21:26:58Z,1,1,C#,True,True,
jbogard,jbogard/AutoMapper,2011-07-02T21:00:08Z,86,86,C#,True,True,mit
jbogard,jbogard/AutoMapper.Attributes,2017-05-25T03:44:39Z,2,2,C#,True,True,mit
jbogard,jbogard/AutoMapper.EFCore,2018-08-15T16:26:17Z,6,6,C#,True,True,mit
jbogard,jbogard/AutoMapper.Extensions.Microsoft.DependencyInjection,2019-04-29T19:11:40Z,7,7,C#,True,True,mit
jbogard,jbogard/AutoMapperIOSTest,2014-04-10T01:47:10Z,0,0,C#,True,True,apache-2.0
jbogard,jbogard/AutomapperRC-Issue,2014-03-10T21:04:14Z,0,0,JavaScript,True,True,mit
jbogard,jbogard/AutoMapperSample,2015-01-13T19:55:53Z,1,1,C#,True,True,mit
jbogard,jbogard/azure-content,2014-08-21T18:40:55Z,0,0,,True,True,other
jbogard,jbogard/azure-sdk-for-net,2021-08-27T20:23:03Z,0,0,,True,True,mit
jbogard,jbogard/azure-service-bus,2019-02-08T16:01:12Z,1,1,,True,True,mit
jbogard,jbogard/azure.ghost-web-app-for-containers,2022-06-22T20:07:53Z,0,0,,True,True,mit
jbogard,jbogard/AzureAdExample,2022-01-26T14:49:58Z,51,51,C#,True,True,
jbogard,jbogard/AzureMessagingServices,2022-07-12T18:07:14Z,5,5,C#,True,True,
jbogard,jbogard/BatMap,2017-04-27T03:22:39Z,1,1,C#,True,True,mit
jbogard,jbogard/blogexamples,2010-05-19T14:27:21Z,5,5,JavaScript,True,True,
jbogard,jbogard/bulk-writer,2014-03-02T02:37:11Z,239,239,C#,True,False,mit
jbogard,jbogard/calculator,2020-01-30T10:30:44Z,0,0,JavaScript,True,True,mit
jbogard,jbogard/Code-PaLOUsa-2014,2014-03-25T13:07:59Z,0,0,CSS,True,True,
jbogard,jbogard/container,2018-04-11T19:14:52Z,1,1,C#,True,True,apache-2.0
jbogard,jbogard/ContinuousDeliveryExample,2016-06-23T16:25:37Z,3,3,JavaScript,True,True,apache-2.0
jbogard,jbogard/ContosoUniversity,2015-03-02T19:14:26Z,392,392,JavaScript,True,True,apache-2.0
jbogard,jbogard/contosouniversity-rest,2015-07-01T16:13:15Z,3,3,JavaScript,True,True,apache-2.0
jbogard,jbogard/ContosoUniversityCore,2016-10-19T15:40:48Z,591,591,JavaScript,True,True,mit
jbogard,jbogard/contosouniversitydocker,2018-02-06T19:36:17Z,13,13,JavaScript,True,True,mit
EvanBacon,EvanBacon/0,2020-05-22T02:48:47Z,2,2,,True,True,
EvanBacon,EvanBacon/Alien-Vs.-Predator,2016-09-24T22:36:38Z,2,2,Swift,True,True,
EvanBacon,EvanBacon/anime-lorem,2019-11-16T22:21:44Z,5,5,,True,True,
EvanBacon,EvanBacon/app-icon-endpoint,2022-04-07T02:38:08Z,18,18,TypeScript,True,True,
EvanBacon,EvanBacon/App-Store-Connect-OpenAPI-Spec,2022-02-08T05:15:44Z,59,59,TypeScript,True,True,other
EvanBacon,EvanBacon/app.js-conf,2019-04-04T15:13:05Z,6,6,,True,True,
EvanBacon,EvanBacon/App.js-Conf-Workshop-2022,2022-06-02T18:32:11Z,8,8,TypeScript,True,True,
EvanBacon,EvanBacon/apple-notes,2019-11-13T06:49:42Z,59,59,JavaScript,True,True,
EvanBacon,EvanBacon/Apple-Settings-Expo-Config-Plugin,2023-07-31T23:39:36Z,30,30,TypeScript,True,True,
EvanBacon,EvanBacon/apr24-template,2024-04-24T19:59:14Z,1,1,JavaScript,True,True,
EvanBacon,EvanBacon/arc-browser-pull-to-refresh-haptics-in-Expo,2024-09-20T13:28:02Z,30,30,TypeScript,True,True,
EvanBacon,EvanBacon/async-storage,2021-03-13T00:16:32Z,0,0,,True,True,mit
EvanBacon,EvanBacon/autocomplete,2021-07-28T02:03:28Z,1,1,TypeScript,True,True,mit
EvanBacon,EvanBacon/awesome-ios,2016-09-25T18:52:46Z,1,1,Swift,True,False,mit
EvanBacon,EvanBacon/AWESOME-REACT-NATIVE-WEB,2019-07-08T01:42:23Z,250,250,,True,True,mit
EvanBacon,EvanBacon/babel-plugin-file-loader,2019-06-16T23:04:52Z,0,0,JavaScript,True,True,mit
EvanBacon,EvanBacon/babel-plugin-module-resolver,2019-10-15T22:59:46Z,0,0,,True,False,mit
EvanBacon,EvanBacon/baconet,2022-10-15T21:11:49Z,18,18,TypeScript,True,True,
EvanBacon,EvanBacon/badgen.net,2020-04-22T05:09:51Z,0,0,,True,False,isc
EvanBacon,EvanBacon/basic-expo-app,2022-03-07T21:52:53Z,7,7,JavaScript,True,True,
EvanBacon,EvanBacon/Batcave-Virtual-Reality,2016-09-24T23:34:52Z,1,1,Swift,True,True,
EvanBacon,EvanBacon/byof-demo,2023-01-22T20:02:55Z,0,0,,True,True,
EvanBacon,EvanBacon/can-it-be-done-in-react-native,2019-06-19T19:27:43Z,3,3,TypeScript,True,True,
EvanBacon,EvanBacon/Canny-Stream-Demo,2021-07-02T16:03:54Z,9,9,TypeScript,True,True,
EvanBacon,EvanBacon/Cel-Shader,2016-09-24T23:17:19Z,21,21,Swift,True,True,
EvanBacon,EvanBacon/cli,2019-06-13T18:08:48Z,0,0,JavaScript,True,True,mit
EvanBacon,EvanBacon/cocoapods-xcode10-tutorial,2018-10-09T20:50:03Z,0,0,Swift,True,True,
EvanBacon,EvanBacon/code-sandbox-expo-template,2019-05-02T20:55:58Z,0,0,HTML,True,True,
EvanBacon,EvanBacon/codesandbox-client,2019-05-03T01:07:30Z,0,0,JavaScript,True,False,other
EvanBacon,EvanBacon/codesandbox-importers,2019-05-03T00:44:27Z,0,0,TypeScript,True,True,other
progrium,progrium/abutton,2009-05-26T03:44:00Z,2,2,,True,True,
progrium,progrium/ajaxwar,2010-08-21T08:32:25Z,3,3,JavaScript,True,True,
progrium,progrium/alpine-env86,2024-08-07T21:41:29Z,2,2,Dockerfile,True,True,mit
progrium,progrium/analytics-access,2016-08-14T16:04:58Z,1,1,Python,True,True,
progrium,progrium/assembler,2016-01-21T16:03:45Z,1,1,Go,True,True,
progrium,progrium/authsite,2024-01-11T02:18:14Z,6,6,Go,True,True,mit
progrium,progrium/automusic,2021-11-12T19:41:23Z,2,2,,True,True,mit
progrium,progrium/awesome-developer-streams,2018-03-26T23:06:39Z,9,9,,True,True,cc0-1.0
progrium,progrium/awesome-go,2023-04-03T19:04:48Z,1,1,,True,False,mit
progrium,progrium/bashstyle,2014-10-17T23:11:24Z,1821,1821,,True,True,
progrium,progrium/basht,2015-03-14T15:23:26Z,99,99,Go,True,True,mit
progrium,progrium/blogrium,2012-04-09T03:19:52Z,2,2,Ruby,True,True,
progrium,progrium/bloopfm,2010-09-07T07:10:06Z,2,2,Python,True,True,
progrium,progrium/boxlounge,2010-05-12T22:21:09Z,2,2,JavaScript,True,True,
progrium,progrium/buildpack-nginx,2013-08-17T06:40:55Z,42,42,Shell,True,True,cc0-1.0
progrium,progrium/buildstep,2013-01-02T22:11:42Z,909,909,Groovy,True,True,mit
progrium,progrium/busybox,2014-05-23T02:36:46Z,385,385,Shell,True,True,mit
progrium,progrium/busybox-docker,2014-09-30T00:37:10Z,13,13,Shell,True,True,
progrium,progrium/cduplex,2012-09-04T12:35:35Z,1,1,C,True,True,
progrium,progrium/cedarish,2013-10-17T23:49:27Z,117,117,Shell,True,True,
progrium,progrium/chocolate_duke3D,2022-05-01T18:01:51Z,1,1,,True,True,
progrium,progrium/chromestage,2023-11-29T18:01:21Z,2,2,JavaScript,True,True,
progrium,progrium/clickhooks,2009-08-16T05:36:19Z,4,4,Python,True,True,
progrium,progrium/clon-go,2022-10-23T15:42:57Z,5,5,Go,True,True,mit
progrium,progrium/clon-spec,2022-10-21T18:30:11Z,23,23,,True,True,mit
progrium,progrium/cobra,2015-08-17T20:05:38Z,3,3,Go,True,True,apache-2.0
progrium,progrium/combat-tanks,2009-10-14T06:08:43Z,4,4,ActionScript,True,True,
progrium,progrium/cometcatchr,2009-11-30T05:48:53Z,9,9,JavaScript,True,True,mit
progrium,progrium/confdialer,2014-02-27T04:29:19Z,1,1,Python,True,True,
progrium,progrium/configurator,2014-06-06T03:06:55Z,88,88,Go,True,True,mit
oracle,oracle/.github,2021-03-22T21:34:35Z,7,7,,False,False,
oracle,oracle/aaosl-agda,2020-12-19T18:21:53Z,9,9,Agda,True,True,other
oracle,oracle/accelerated-data-science,2022-02-07T22:30:21Z,87,87,Python,True,True,upl-1.0
oracle,oracle/accs-caching-java-sdk,2017-01-19T01:39:42Z,7,7,Java,True,False,other
oracle,oracle/adaptivemm,2020-10-26T21:48:20Z,45,45,C,True,True,gpl-2.0
oracle,oracle/adb-free,2023-09-15T13:16:37Z,36,36,,True,True,upl-1.0
oracle,oracle/adf-samples,2017-09-01T16:28:23Z,42,42,Java,True,True,other
oracle,oracle/analytical-sql-examples,2014-06-10T01:47:28Z,129,129,PLSQL,True,True,
oracle,oracle/ansible-database-migration-tool,2020-05-14T17:23:26Z,35,35,Python,True,True,upl-1.0
oracle,oracle/apex,2021-03-29T20:35:59Z,440,440,,False,False,upl-1.0
oracle,oracle/apps-cloud-ui-kit,2016-01-12T01:39:51Z,21,21,CSS,True,False,mit
oracle,oracle/apps-mobile-ui-kit,2017-05-19T00:51:48Z,4,4,Java,True,True,upl-1.0
oracle,oracle/ar-cx-accelerator,2019-04-16T19:07:37Z,7,7,Swift,False,True,upl-1.0
oracle,oracle/atg-build-tools,2015-11-18T22:25:05Z,19,19,Java,True,False,
oracle,oracle/atg-commerce-iaas,2016-10-25T02:49:52Z,27,27,Python,True,False,mit
oracle,oracle/ballerina-oci,2019-09-26T18:41:15Z,19,19,Ballerina,True,True,apache-2.0
oracle,oracle/bdglue,2016-06-08T16:30:13Z,4,4,Java,True,True,apache-2.0
oracle,oracle/bft-consensus-agda,2020-12-10T00:13:42Z,10,10,Agda,False,False,upl-1.0
oracle,oracle/big-data-lite,2015-08-20T02:43:32Z,38,38,Java,True,False,mit
oracle,oracle/binutils-gdb,2019-04-26T16:18:01Z,15,15,,True,True,
oracle,oracle/bosh-agent,2017-11-15T21:27:50Z,2,2,Go,True,False,apache-2.0
oracle,oracle/bosh-linux-stemcell-builder,2017-11-15T21:28:11Z,1,1,Ruby,True,False,apache-2.0
oracle,oracle/bosh-oracle-cpi,2017-08-31T18:48:43Z,7,7,Go,True,True,other
oracle,oracle/bosh-oracle-cpi-release,2017-08-31T19:03:30Z,9,9,Go,True,True,
oracle,oracle/bots-node-sdk,2018-08-08T07:09:40Z,55,55,TypeScript,True,True,other
oracle,oracle/bpftune,2023-05-09T14:56:10Z,687,687,C,True,True,other
oracle,oracle/centos2ol,2020-12-10T21:15:46Z,344,344,Shell,False,False,upl-1.0
oracle,oracle/chaostoolkit-oci,2020-06-09T19:01:21Z,3,3,Python,True,True,apache-2.0
oracle,oracle/chef-samples,2016-11-04T09:25:35Z,5,5,,True,True,
oracle,oracle/cloud-asset-appsul-terraform-samples,2018-10-23T16:07:37Z,22,22,HCL,True,True,upl-1.0
GeostatsGuy,GeostatsGuy/2DayCourse,2018-07-09T16:49:50Z,82,82,,True,True,mit
GeostatsGuy,GeostatsGuy/2DayCourse_Exercises,2018-07-16T21:55:36Z,12,12,Jupyter Notebook,True,True,mit
GeostatsGuy,GeostatsGuy/52things,2019-08-12T13:53:44Z,8,8,,True,True,
GeostatsGuy,GeostatsGuy/5DayGeostats_DataAnalytics,2019-03-17T19:06:24Z,19,19,Jupyter Notebook,True,True,mit
GeostatsGuy,GeostatsGuy/awesome-open-geoscience,2019-05-14T13:59:38Z,10,10,,True,False,cc0-1.0
GeostatsGuy,GeostatsGuy/curriculum,2019-06-03T23:35:03Z,0,0,Jupyter Notebook,True,True,apache-2.0
GeostatsGuy,GeostatsGuy/DataAnalytics_Geostatistics,2019-03-02T19:43:29Z,12,12,Jupyter Notebook,True,True,
GeostatsGuy,GeostatsGuy/DataScienceInteractivePython,2024-03-26T14:37:10Z,868,868,Jupyter Notebook,True,True,cc-by-sa-4.0
GeostatsGuy,GeostatsGuy/DIRECT,2019-04-30T22:14:45Z,4,4,,True,True,
GeostatsGuy,GeostatsGuy/EnergyAI_2021_Hackathon,2021-04-10T13:38:29Z,6,6,Jupyter Notebook,True,True,apache-2.0
GeostatsGuy,GeostatsGuy/ExcelNumericalDemos,2017-09-17T19:54:55Z,105,105,,True,True,mit
GeostatsGuy,GeostatsGuy/GeoDataSets,2018-01-15T17:36:29Z,84,84,,True,True,mit
GeostatsGuy,GeostatsGuy/GeostatsGuy,2021-01-19T03:44:22Z,36,36,,True,True,
GeostatsGuy,GeostatsGuy/GeostatsLectures,2017-12-25T23:32:28Z,15,15,,True,True,mit
GeostatsGuy,GeostatsGuy/GeostatsMachineLearning_Course,2019-05-23T02:56:39Z,15,15,,True,True,mit
GeostatsGuy,GeostatsGuy/GeostatsPy,2018-06-29T21:22:09Z,504,504,Jupyter Notebook,True,True,mit
GeostatsGuy,GeostatsGuy/GeostatsPyDemos,2024-03-26T16:53:37Z,48,48,Jupyter Notebook,True,True,mit
GeostatsGuy,GeostatsGuy/GeostatsPyDemos_Book,2024-08-06T16:00:41Z,10,10,Jupyter Notebook,True,True,cc-by-sa-4.0
GeostatsGuy,GeostatsGuy/GeostatsPy_Course_2,2021-03-23T13:36:01Z,8,8,Jupyter Notebook,True,True,mit
GeostatsGuy,GeostatsGuy/GeostatsPy_Intro_Course,2020-05-25T23:35:17Z,147,147,Jupyter Notebook,True,True,mit
GeostatsGuy,GeostatsGuy/geostatsr,2017-12-25T19:19:47Z,32,32,HTML,True,True,mit
GeostatsGuy,GeostatsGuy/Geostats_ML_2Day,2019-07-07T17:13:09Z,10,10,,True,True,other
GeostatsGuy,GeostatsGuy/GithubMergeExercise,2019-07-22T18:43:04Z,2,2,,True,True,mit
GeostatsGuy,GeostatsGuy/GSLIBTools,2017-12-25T23:20:47Z,1,1,Fortran,True,True,
GeostatsGuy,GeostatsGuy/GSLIB_MacOS,2019-01-03T17:14:00Z,7,7,,True,True,
GeostatsGuy,GeostatsGuy/GSLIB_Windows,2019-03-03T16:08:32Z,2,2,,True,True,
GeostatsGuy,GeostatsGuy/Heterogeneity_Course,2019-05-18T02:54:39Z,4,4,,True,True,
GeostatsGuy,GeostatsGuy/interactive_geostatr,2018-03-21T14:01:48Z,4,4,Jupyter Notebook,True,True,
GeostatsGuy,GeostatsGuy/LectureExercises,2018-10-03T01:12:04Z,19,19,R,True,True,
GeostatsGuy,GeostatsGuy/MachineLearningCourse,2022-12-02T19:12:16Z,69,69,Jupyter Notebook,True,True,mit
benlesh,benlesh/abort-controller-polyfill,2020-07-14T20:20:06Z,11,11,JavaScript,True,True,mit
benlesh,benlesh/abortcontroller-polyfill,2020-07-14T15:38:56Z,1,1,,True,True,mit
benlesh,benlesh/add-features-with-rxjs,2018-05-08T04:49:52Z,50,50,TypeScript,True,True,
benlesh,benlesh/aim,2015-10-14T21:24:57Z,3,3,TypeScript,True,True,
benlesh,benlesh/ALE,2012-06-20T03:22:24Z,48,48,C#,True,True,other
benlesh,benlesh/angular,2015-08-26T18:33:57Z,1,1,TypeScript,True,True,mit
benlesh,benlesh/angular-cli,2018-09-21T23:45:23Z,1,1,TypeScript,True,True,mit
benlesh,benlesh/angular-jqlite-svg,2014-06-25T17:03:56Z,0,0,JavaScript,True,True,
benlesh,benlesh/angular-minesweeper,2013-11-25T17:40:00Z,2,2,JavaScript,True,True,
benlesh,benlesh/angular-shorthand.js,2014-01-22T22:13:44Z,2,2,JavaScript,True,True,mit
benlesh,benlesh/angular-transit,2013-08-09T12:59:54Z,5,5,JavaScript,True,True,
benlesh,benlesh/angular-update-rxjs-demo,2018-04-18T17:53:11Z,0,0,TypeScript,True,True,
benlesh,benlesh/angular.js,2013-12-04T03:40:52Z,0,0,JavaScript,True,True,mit
benlesh,benlesh/angular2-hn,2017-05-22T03:33:33Z,2,2,TypeScript,True,True,mit
benlesh,benlesh/apiserver,2021-07-15T14:55:59Z,0,0,,True,True,apache-2.0
benlesh,benlesh/auspice,2020-03-20T14:37:26Z,1,1,,True,True,agpl-3.0
benlesh,benlesh/babel,2016-07-05T17:44:08Z,0,0,JavaScript,True,True,mit
benlesh,benlesh/bound-subject-decorator,2016-04-21T20:06:38Z,3,3,JavaScript,True,True,mit
benlesh,benlesh/bower-traceur,2014-03-20T19:42:15Z,0,0,JavaScript,True,True,
benlesh,benlesh/broadcast-channel,2019-09-20T18:10:10Z,1,1,,True,False,mit
benlesh,benlesh/broccoli-sass-image-compiler,2014-07-03T20:22:47Z,0,0,JavaScript,True,True,mit
benlesh,benlesh/browser-sync,2021-07-07T21:31:55Z,0,0,,True,True,apache-2.0
benlesh,benlesh/cancellation-use-cases,2020-11-15T00:46:02Z,1,1,,True,True,
benlesh,benlesh/canvas-render-components,2022-12-22T04:05:20Z,17,17,TypeScript,True,True,mit
benlesh,benlesh/check-side-effects,2020-09-03T15:08:05Z,1,1,,True,True,
benlesh,benlesh/contributor_covenant,2015-07-17T23:52:27Z,0,0,HTML,True,False,mit
benlesh,benlesh/d3,2014-12-04T21:17:45Z,0,0,JavaScript,True,True,other
benlesh,benlesh/d3mber.js,2014-07-25T00:10:23Z,1,1,JavaScript,True,True,
benlesh,benlesh/dear-github-2.0,2019-12-04T18:24:36Z,1,1,,True,False,
benlesh,benlesh/DependencyChain.js,2014-01-11T20:02:14Z,1,1,JavaScript,True,True,
ContinuumIO,ContinuumIO/ac2018-dl-gpu,2018-04-08T16:15:22Z,15,15,Jupyter Notebook,True,True,
ContinuumIO,ContinuumIO/ac2019-dl-gpu,2019-04-02T19:22:36Z,16,16,Jupyter Notebook,True,True,
ContinuumIO,ContinuumIO/ac2020-dl-gpu,2020-06-02T19:33:19Z,9,9,Jupyter Notebook,True,True,
ContinuumIO,ContinuumIO/AccumuloAdapter,2017-03-16T21:42:24Z,2,2,Python,True,True,other
ContinuumIO,ContinuumIO/airflow,2016-03-01T15:13:24Z,4,4,JavaScript,True,True,other
ContinuumIO,ContinuumIO/anaconda-benchmarking,2018-01-10T14:45:21Z,3,3,Perl,True,True,bsd-3-clause
ContinuumIO,ContinuumIO/anaconda-clean,2016-08-11T16:13:37Z,38,38,Python,True,True,bsd-3-clause
ContinuumIO,ContinuumIO/anaconda-cve,2017-08-07T16:32:00Z,6,6,Python,True,True,
ContinuumIO,ContinuumIO/anaconda-ec2,2012-07-30T11:46:39Z,20,20,Python,True,True,
ContinuumIO,ContinuumIO/anaconda-issues,2013-07-25T16:33:26Z,648,648,,True,True,
ContinuumIO,ContinuumIO/anaconda-nb-extensions-meta-config,2016-04-06T16:34:57Z,5,5,,True,True,bsd-3-clause
ContinuumIO,ContinuumIO/anaconda-package-data,2019-01-22T19:36:50Z,98,98,Jupyter Notebook,True,True,cc-by-4.0
ContinuumIO,ContinuumIO/anaconda-recipes,2015-07-27T18:16:56Z,121,121,C,True,True,other
ContinuumIO,ContinuumIO/anaconda-verify,2016-06-28T19:09:14Z,11,11,Python,True,True,bsd-3-clause
ContinuumIO,ContinuumIO/appstarters,2016-02-18T23:42:55Z,3,3,Python,True,True,bsd-3-clause
ContinuumIO,ContinuumIO/ArrayManagement,2013-09-22T15:26:10Z,11,11,HTML,True,True,
ContinuumIO,ContinuumIO/ashiba,2013-06-28T20:40:41Z,17,17,Python,True,True,bsd-3-clause
ContinuumIO,ContinuumIO/atom,2013-03-27T06:15:48Z,3,3,C++,True,True,other
ContinuumIO,ContinuumIO/autopkgcommit,2018-08-21T14:45:44Z,2,2,Python,True,True,
ContinuumIO,ContinuumIO/Benchmarks,2012-10-12T20:14:39Z,6,6,Python,True,True,
ContinuumIO,ContinuumIO/binder-example-conda,2015-09-04T15:26:47Z,1,1,,True,True,mit
ContinuumIO,ContinuumIO/blaze-data,2014-06-20T22:26:52Z,3,3,,True,True,
ContinuumIO,ContinuumIO/blz,2013-12-30T17:02:26Z,25,25,C,True,True,
ContinuumIO,ContinuumIO/cdx,2012-04-11T13:31:16Z,26,26,CoffeeScript,True,True,
ContinuumIO,ContinuumIO/chaco,2012-03-06T18:23:32Z,5,5,Python,True,True,other
ContinuumIO,ContinuumIO/chocolatey,2016-04-05T19:31:18Z,3,3,PowerShell,True,True,bsd-3-clause
ContinuumIO,ContinuumIO/ciocheck,2016-05-25T13:00:46Z,26,26,Python,True,True,mit
ContinuumIO,ContinuumIO/cloud9,2014-01-23T00:05:00Z,7,7,JavaScript,True,True,gpl-3.0
ContinuumIO,ContinuumIO/coding-challenge-ttt,2018-01-19T18:01:14Z,7,7,Python,True,True,
ContinuumIO,ContinuumIO/concourse-arm-worker,2021-02-12T13:53:21Z,0,0,Dockerfile,True,True,
davatron5000,davatron5000/11ty-website,2020-08-10T21:44:32Z,1,1,,True,False,mit
davatron5000,davatron5000/12th-Street-Bakery,2013-07-15T03:03:29Z,1,1,HTML,True,False,
davatron5000,davatron5000/2x,2014-02-25T07:00:58Z,5,5,JavaScript,True,False,
davatron5000,davatron5000/a11y-nutrition-cards,2018-07-22T22:54:48Z,90,90,HTML,True,True,gpl-3.0
davatron5000,davatron5000/alpha-paintlet,2021-10-05T18:44:41Z,14,14,HTML,True,True,
davatron5000,davatron5000/api-screenshot,2022-10-13T19:04:40Z,2,2,JavaScript,True,True,
davatron5000,davatron5000/aspect-ratio,2016-10-04T15:59:20Z,1,1,,True,True,
davatron5000,davatron5000/awesome-standalones,2019-12-14T18:21:32Z,1320,1320,,False,False,
davatron5000,davatron5000/Better-Art-Direction,2010-05-13T01:22:14Z,77,77,PHP,True,False,gpl-2.0
davatron5000,davatron5000/Borkers,2010-12-09T16:28:58Z,22,22,PHP,True,False,
davatron5000,davatron5000/break-on-access,2013-09-15T20:48:14Z,0,0,JavaScript,True,True,
davatron5000,davatron5000/can-i-subsystem-it,2017-02-28T18:36:58Z,317,317,,True,True,
davatron5000,davatron5000/chrome-app-samples,2013-11-20T23:14:12Z,1,1,JavaScript,True,True,apache-2.0
davatron5000,davatron5000/davatron5000,2022-06-14T14:48:36Z,1,1,,True,True,
davatron5000,davatron5000/deCSS3,2011-08-17T14:07:36Z,310,310,JavaScript,True,True,
davatron5000,davatron5000/eleventy-auth0-serverless-mongo,2020-08-05T14:52:33Z,1,1,,True,True,
davatron5000,davatron5000/fast,2024-05-07T22:21:22Z,0,0,TypeScript,True,True,other
davatron5000,davatron5000/fit-vids,2023-10-11T20:32:12Z,39,39,JavaScript,False,False,apache-2.0
davatron5000,davatron5000/FitGrid,2017-09-01T15:23:28Z,3,3,,True,True,mit
davatron5000,davatron5000/FitText.js,2011-05-05T15:17:25Z,6753,6753,HTML,True,True,
davatron5000,davatron5000/FitVids.js,2011-09-01T22:06:04Z,4770,4770,HTML,True,True,
davatron5000,davatron5000/fitWeird,2012-08-23T23:11:22Z,62,62,JavaScript,True,False,
davatron5000,davatron5000/flexnav,2012-01-21T20:11:34Z,20,20,JavaScript,True,True,
davatron5000,davatron5000/fluentui,2024-05-06T19:23:36Z,0,0,TypeScript,True,True,other
davatron5000,davatron5000/Foldy960,2011-05-23T19:58:14Z,482,482,CSS,True,True,
davatron5000,davatron5000/generic-components,2020-11-30T22:11:17Z,7,7,JavaScript,True,True,mit
davatron5000,davatron5000/houdini-samples,2018-04-05T20:12:07Z,1,1,HTML,True,True,apache-2.0
davatron5000,davatron5000/html-with-superpowers,2021-03-21T16:31:10Z,4,4,HTML,True,True,
davatron5000,davatron5000/HTML5-GeoLocation-jQuery-Plugin,2011-03-05T15:08:24Z,19,19,JavaScript,True,True,
davatron5000,davatron5000/htmlwithsuperpowers,2022-02-28T03:18:50Z,88,88,,True,True,
schneems,schneems/2048,2018-01-04T05:02:37Z,0,0,CSS,True,True,mit
schneems,schneems/8-sliding-puzzle-solver,2018-01-04T04:26:08Z,0,0,C++,True,True,
schneems,schneems/absolute_path_sass_issue,2015-08-21T20:35:16Z,0,0,Ruby,True,True,
schneems,schneems/ActionPacks,2018-01-02T21:30:28Z,0,0,PowerShell,True,False,
schneems,schneems/active-storage-attachment-example,2018-04-12T01:31:23Z,4,4,Ruby,True,True,
schneems,schneems/activerecord-postgres-hstore,2012-03-03T19:47:13Z,1,1,Ruby,True,True,mit
schneems,schneems/active_admin,2012-01-20T23:20:55Z,1,1,Ruby,True,True,other
schneems,schneems/add_check_changelog_script_to_multiple_repos,2019-10-01T15:24:19Z,0,0,Ruby,True,True,
schneems,schneems/advent-2021,2021-12-26T04:20:04Z,0,0,,True,True,
schneems,schneems/advent_2021,2021-12-02T19:16:02Z,1,1,Rust,True,True,
schneems,schneems/aemo,2018-01-04T03:42:12Z,0,0,Ruby,True,True,mit
schneems,schneems/airsonic,2018-01-04T04:23:30Z,0,0,Java,True,False,gpl-3.0
schneems,schneems/allocation_tracer,2015-05-31T13:24:46Z,0,0,C,True,True,mit
schneems,schneems/alt_location_gemfile,2015-02-27T20:30:06Z,0,0,Ruby,True,True,
schneems,schneems/Anna,2018-01-02T21:03:33Z,0,0,HTML,True,True,
schneems,schneems/anvil-cli,2013-12-17T00:07:12Z,1,1,Ruby,True,True,
schneems,schneems/appraisal,2016-05-12T15:52:50Z,1,1,Ruby,True,False,mit
schneems,schneems/arangodb-php-driver,2018-01-04T04:07:57Z,0,0,Zephir,True,False,mit
schneems,schneems/arrays_and_active_record,2012-07-16T04:01:47Z,14,14,Ruby,True,True,
schneems,schneems/ar_and_draper_allocation,2019-01-08T17:41:17Z,0,0,Ruby,True,True,
schneems,schneems/assertk,2018-01-02T21:30:39Z,0,0,Kotlin,True,False,mit
schneems,schneems/asset_cache_repo,2015-09-23T22:00:21Z,0,0,Ruby,True,False,
schneems,schneems/attendance,2018-08-24T15:12:37Z,60,60,Ruby,True,True,mit
schneems,schneems/autoprefixer-rails,2016-02-19T20:37:18Z,0,0,Ruby,True,True,mit
schneems,schneems/awesome-maintainers,2018-02-07T23:41:06Z,1,1,,True,True,cc0-1.0
schneems,schneems/Awesome-OpenSource,2022-09-13T11:46:56Z,1,1,,True,True,apache-2.0
schneems,schneems/aws-sdk-ruby,2013-04-12T12:38:50Z,0,0,Ruby,True,False,apache-2.0
schneems,schneems/azure-webjobs-sdk,2018-01-02T20:58:03Z,0,0,C#,True,True,mit
schneems,schneems/azure-webjobs-sdk-script,2018-01-02T20:50:33Z,0,0,C#,True,True,mit
schneems,schneems/bad_gemfile_on_platform,2013-09-26T19:01:47Z,0,0,Ruby,True,True,
wardviaene,wardviaene/advanced-kubernetes-course,2017-09-19T14:17:43Z,196,196,Python,True,True,
wardviaene,wardviaene/ansible,2016-12-11T19:29:56Z,2,2,Python,True,False,gpl-3.0
wardviaene,wardviaene/ansible-demo,2015-10-26T15:13:22Z,51,51,Python,True,True,
wardviaene,wardviaene/aws-env,2017-11-25T14:33:42Z,1,1,Go,True,True,mit
wardviaene,wardviaene/bedrock,2015-09-28T13:59:23Z,1,1,PHP,True,True,mit
wardviaene,wardviaene/chef-demo,2015-10-29T13:51:04Z,21,21,Ruby,True,True,
wardviaene,wardviaene/dd-agent,2016-07-25T09:35:40Z,0,0,Python,True,True,other
wardviaene,wardviaene/deis-demo,2016-05-11T12:00:00Z,9,9,Python,True,True,
wardviaene,wardviaene/devops-box,2016-05-23T10:22:55Z,164,164,Shell,True,True,
wardviaene,wardviaene/dfhz_ddp_mpack,2021-02-15T14:08:56Z,0,0,,True,True,
wardviaene,wardviaene/digitalocean-vagrant-cassandra-multi-node,2016-05-02T15:11:21Z,3,3,Shell,True,True,
wardviaene,wardviaene/docker-demo,2015-11-06T07:57:31Z,179,179,JavaScript,True,True,
wardviaene,wardviaene/docker-php7,2016-05-27T15:32:44Z,2,2,,True,True,
wardviaene,wardviaene/docker-swarm-demo,2016-02-14T10:46:58Z,1,1,Shell,True,True,
wardviaene,wardviaene/dokku-demo,2016-05-10T16:55:50Z,3,3,HCL,True,True,
wardviaene,wardviaene/eb-php-example,2016-05-27T06:32:07Z,3,3,PHP,True,True,
wardviaene,wardviaene/eb-php7-docker-example,2016-04-29T08:16:21Z,2,2,PHP,True,True,
wardviaene,wardviaene/ecs-host-service-scale,2017-07-22T14:46:33Z,0,0,Python,True,False,
wardviaene,wardviaene/envoy,2020-06-26T15:23:13Z,0,0,,True,True,apache-2.0
wardviaene,wardviaene/flux-demo,2020-01-23T11:53:50Z,3,3,,True,True,
wardviaene,wardviaene/go.sns,2018-01-13T21:01:21Z,1,1,Go,True,True,mit
wardviaene,wardviaene/gocui,2017-12-08T14:16:05Z,0,0,Go,True,True,bsd-3-clause
wardviaene,wardviaene/godo,2016-11-07T16:30:56Z,0,0,Go,True,True,other
wardviaene,wardviaene/golang-demos,2024-03-06T15:16:59Z,7,7,Go,True,True,
wardviaene,wardviaene/golang-for-devops-course,2022-05-12T20:18:25Z,155,155,Go,True,True,
wardviaene,wardviaene/gopacket,2024-09-02T16:03:44Z,0,0,,True,False,bsd-3-clause
wardviaene,wardviaene/gs-gradle,2017-06-06T12:38:45Z,3,3,Java,True,False,
wardviaene,wardviaene/hadoop-ops-course,2016-02-10T17:29:03Z,105,105,Shell,True,True,
wardviaene,wardviaene/helm-s3,2018-08-03T11:13:34Z,1,1,Dockerfile,True,True,
wardviaene,wardviaene/http-echo,2018-09-03T09:49:05Z,9,9,Go,True,True,
mikermcneil,mikermcneil/2014.cascadiajs.com,2014-03-11T16:50:50Z,0,0,,True,True,mit
mikermcneil,mikermcneil/ace,2015-03-08T02:39:42Z,0,0,JavaScript,True,True,other
mikermcneil,mikermcneil/activityoverlord,2013-09-23T23:48:00Z,0,0,JavaScript,True,True,
mikermcneil,mikermcneil/activityoverlord20,2015-01-26T21:01:55Z,0,0,JavaScript,True,True,
mikermcneil,mikermcneil/agenda,2014-09-26T02:58:06Z,6,6,JavaScript,True,True,
mikermcneil,mikermcneil/angular-sails,2014-05-20T20:09:33Z,1,1,,True,True,mit
mikermcneil,mikermcneil/angularsailsdemo,2013-04-05T15:32:47Z,3,3,JavaScript,True,True,
mikermcneil,mikermcneil/apep,2017-04-23T04:49:26Z,0,0,JavaScript,True,True,mit
mikermcneil,mikermcneil/archived-repo-test,2020-10-28T18:28:27Z,0,0,,True,True,
mikermcneil,mikermcneil/asset-rack,2013-02-18T06:24:09Z,0,0,CoffeeScript,True,True,
mikermcneil,mikermcneil/async,2016-10-13T04:57:02Z,0,0,JavaScript,True,True,mit
mikermcneil,mikermcneil/backbone-ninjas-feb-27,2013-02-27T06:59:59Z,0,0,JavaScript,True,True,
mikermcneil,mikermcneil/BackBrace,2011-10-06T22:50:30Z,5,5,JavaScript,True,True,
mikermcneil,mikermcneil/beacon,2013-04-02T05:44:49Z,3,3,JavaScript,True,True,
mikermcneil,mikermcneil/blog,2014-05-16T15:27:30Z,0,0,JavaScript,True,True,
mikermcneil,mikermcneil/bonjour,2013-10-03T17:56:20Z,1,1,JavaScript,True,True,mit
mikermcneil,mikermcneil/brushfire,2015-04-15T03:26:53Z,7,7,JavaScript,True,False,
mikermcneil,mikermcneil/brushfire-ch15-end,2016-05-28T22:12:28Z,0,0,JavaScript,True,True,
mikermcneil,mikermcneil/chatkin,2017-03-16T05:17:06Z,14,14,JavaScript,False,False,
mikermcneil,mikermcneil/commander.js,2014-01-13T02:41:29Z,1,1,JavaScript,True,True,
mikermcneil,mikermcneil/connect-redis,2018-03-26T06:46:16Z,0,0,JavaScript,False,False,mit
mikermcneil,mikermcneil/convert-to-ecmascript-compatible-varname,2014-11-06T15:40:08Z,0,0,JavaScript,True,True,
mikermcneil,mikermcneil/cors-test,2016-03-30T22:33:55Z,0,0,JavaScript,True,False,
mikermcneil,mikermcneil/cursors,2014-09-25T01:00:25Z,8,8,JavaScript,True,False,
mikermcneil,mikermcneil/devopsdays,2014-05-05T14:18:59Z,0,0,JavaScript,True,True,
mikermcneil,mikermcneil/dk-blog,2020-05-14T18:39:48Z,0,0,,True,True,
mikermcneil,mikermcneil/doc-templater,2014-04-26T14:54:40Z,1,1,JavaScript,False,False,
mikermcneil,mikermcneil/docs,2016-11-03T23:52:18Z,0,0,JavaScript,True,True,
mikermcneil,mikermcneil/dom-102,2020-03-30T17:34:23Z,0,0,JavaScript,False,False,
mikermcneil,mikermcneil/dom-103,2020-03-31T19:05:47Z,0,0,JavaScript,True,True,
SlexAxton,SlexAxton/2015.texasjavascript.com,2015-07-12T21:07:52Z,0,0,CSS,True,True,
SlexAxton,SlexAxton/A.js,2010-11-25T05:39:48Z,2,2,JavaScript,True,True,
SlexAxton,SlexAxton/abusing-preprocessor-asts,2013-05-27T23:48:28Z,8,8,JavaScript,True,True,mit
SlexAxton,SlexAxton/AssetRace,2011-03-24T20:20:57Z,10,10,JavaScript,True,True,
SlexAxton,SlexAxton/blog,2012-03-19T04:44:09Z,3,3,JavaScript,True,True,
SlexAxton,SlexAxton/books.jquery.com,2012-06-29T02:12:04Z,2,2,JavaScript,True,True,other
SlexAxton,SlexAxton/broccoli-autoprefixer,2014-06-23T04:25:00Z,0,0,JavaScript,True,False,
SlexAxton,SlexAxton/broccoli-colorguard,2014-07-07T21:46:42Z,4,4,JavaScript,True,True,other
SlexAxton,SlexAxton/broccoli-resin,2014-06-17T05:28:16Z,0,0,JavaScript,True,True,mit
SlexAxton,SlexAxton/broccoli-rework,2014-06-23T23:34:51Z,0,0,JavaScript,True,True,mit
SlexAxton,SlexAxton/broccoli-uglify-sourcemap,2015-09-22T01:12:17Z,0,0,JavaScript,True,True,mit
SlexAxton,SlexAxton/busterjs,2012-04-05T21:21:10Z,1,1,JavaScript,True,True,
SlexAxton,SlexAxton/butt.zone,2015-05-20T19:55:51Z,0,0,HTML,True,True,
SlexAxton,SlexAxton/cldr-data-downloader,2017-06-20T22:48:43Z,0,0,JavaScript,True,True,mit
SlexAxton,SlexAxton/css-color-names,2014-07-04T02:38:15Z,0,0,,True,True,
SlexAxton,SlexAxton/css-colorguard,2014-07-04T01:20:06Z,2442,2442,JavaScript,True,True,
SlexAxton,SlexAxton/CSSCSS,2013-01-24T07:15:20Z,17,17,,True,True,
SlexAxton,SlexAxton/dabl.js,2011-06-21T07:01:14Z,1,1,,True,True,
SlexAxton,SlexAxton/dbmonster,2015-04-13T18:03:29Z,0,0,JavaScript,True,True,
SlexAxton,SlexAxton/deCSS3,2011-08-19T22:22:02Z,2,2,JavaScript,True,True,
SlexAxton,SlexAxton/depending-on-jquery,2013-03-01T07:03:46Z,0,0,JavaScript,True,True,mit
SlexAxton,SlexAxton/dfdep,2013-11-08T04:51:26Z,11,11,,True,True,
SlexAxton,SlexAxton/dojo-cal,2010-02-22T01:15:02Z,3,3,JavaScript,True,True,
SlexAxton,SlexAxton/dotfiles,2013-07-11T08:21:59Z,1,1,VimL,True,True,
SlexAxton,SlexAxton/dotfiles-1,2015-10-01T19:27:44Z,0,0,VimL,True,False,mit
SlexAxton,SlexAxton/dustjs,2010-12-01T17:31:45Z,1,1,JavaScript,True,True,mit
SlexAxton,SlexAxton/electric-huxley,2016-08-11T19:15:03Z,0,0,HTML,True,True,
SlexAxton,SlexAxton/ember-cli,2014-05-23T17:02:29Z,0,0,JavaScript,True,True,mit
SlexAxton,SlexAxton/ember-cli-babel,2015-08-25T19:45:52Z,0,0,JavaScript,True,True,mit
SlexAxton,SlexAxton/ember-cli-gravatar,2014-10-13T07:41:17Z,0,0,,True,True,mit
kentonv,kentonv/apihost-testapp,2016-02-27T00:58:31Z,0,0,C++,True,True,
kentonv,kentonv/benchmarks,2017-03-11T00:46:40Z,0,0,Jupyter Notebook,True,True,
kentonv,kentonv/bubblewrap,2016-08-07T19:41:42Z,0,0,C,True,True,other
kentonv,kentonv/capnp-vs-ice,2013-12-13T21:53:47Z,18,18,C++,True,True,
kentonv,kentonv/capnproto-net,2017-06-14T23:34:15Z,5,5,C#,True,True,other
kentonv,kentonv/clang-tools-extra,2017-09-17T00:32:52Z,0,0,C++,True,False,other
kentonv,kentonv/cloudflare-docs,2020-11-02T17:55:25Z,0,0,,True,False,
kentonv,kentonv/cloudflare-worker-routing,2018-08-23T03:09:04Z,1,1,JavaScript,True,True,mit
kentonv,kentonv/cloudflare-worker-speed-test,2020-08-12T23:13:41Z,0,0,,True,True,mit
kentonv,kentonv/cpp-serializers,2015-04-15T06:37:15Z,0,0,C++,True,True,
kentonv,kentonv/draw.io,2016-10-28T19:30:14Z,0,0,JavaScript,True,True,gpl-3.0
kentonv,kentonv/dvorak,2023-10-24T13:15:28Z,0,0,,True,True,apache-2.0
kentonv,kentonv/dvorak-qwerty,2015-03-26T23:42:46Z,168,168,C++,True,False,
kentonv,kentonv/ep_author_neat,2016-11-15T00:46:00Z,0,0,JavaScript,True,True,
kentonv,kentonv/ep_comments,2015-06-01T00:38:21Z,0,0,JavaScript,True,True,
kentonv,kentonv/ep_page_view,2016-09-20T02:46:06Z,0,0,JavaScript,True,False,
kentonv,kentonv/etherpad-lite,2015-02-04T04:22:17Z,30,30,JavaScript,True,True,apache-2.0
kentonv,kentonv/evlan2,2015-03-27T03:58:05Z,2,2,C++,True,True,
kentonv,kentonv/gperftools,2016-07-01T01:30:08Z,0,0,C++,True,True,bsd-3-clause
kentonv,kentonv/home-container,2015-09-10T18:05:31Z,61,61,C,True,True,other
kentonv,kentonv/kentonshouse.com,2022-05-14T19:56:56Z,0,0,HTML,True,True,
kentonv,kentonv/kentonv.github.io,2015-01-19T18:27:02Z,0,0,,True,True,
kentonv,kentonv/kv-asset-handler,2020-06-04T16:01:15Z,0,0,,True,True,apache-2.0
kentonv,kentonv/kvmonitor,2024-06-23T20:26:18Z,3,3,C++,True,True,other
kentonv,kentonv/lanparty,2019-12-22T02:47:37Z,120,120,Shell,True,True,mit
kentonv,kentonv/lanparty-rsvp,2015-03-27T04:35:52Z,0,0,Java,True,True,
kentonv,kentonv/Mailpile,2014-05-30T08:58:41Z,0,0,Python,True,True,other
kentonv,kentonv/meteor,2015-07-15T03:56:26Z,0,0,JavaScript,True,True,other
kentonv,kentonv/modc,2015-03-27T04:23:05Z,1,1,C++,True,True,
kentonv,kentonv/mongo,2014-03-23T02:07:23Z,2,2,C++,True,False,
pfrazee,pfrazee/2020,2020-04-11T02:04:55Z,0,0,,True,True,mit
pfrazee,pfrazee/ace-builds,2018-05-22T17:56:26Z,0,0,JavaScript,True,False,other
pfrazee,pfrazee/Adafruit-GFX-Library,2016-01-29T02:31:39Z,0,0,C,True,True,other
pfrazee,pfrazee/app-social,2017-02-27T16:05:08Z,1,1,JavaScript,True,True,
pfrazee,pfrazee/append-tree,2017-11-07T02:39:32Z,0,0,JavaScript,True,True,mit
pfrazee,pfrazee/appsec,2014-06-25T22:06:33Z,1,1,,True,True,
pfrazee,pfrazee/archiver-server,2017-01-13T23:04:09Z,0,0,JavaScript,True,True,
pfrazee,pfrazee/autobee,2021-11-02T15:04:23Z,2,2,JavaScript,True,True,
pfrazee,pfrazee/awesome-dat,2016-12-14T22:06:17Z,0,0,,True,True,
pfrazee,pfrazee/bangbangcon.github.io,2017-04-12T19:10:53Z,0,0,HTML,True,True,mit
pfrazee,pfrazee/base-dict,2014-11-14T18:24:07Z,0,0,JavaScript,True,True,
pfrazee,pfrazee/base-emoji,2014-11-13T22:20:45Z,264,264,JavaScript,True,True,mit
pfrazee,pfrazee/bdat,2016-07-10T15:13:28Z,1,1,JavaScript,True,True,
pfrazee,pfrazee/bdat-versions-file,2016-07-10T18:45:41Z,1,1,JavaScript,True,True,
pfrazee,pfrazee/beakerbrowser-com-redirect,2022-12-27T22:09:15Z,3,3,TypeScript,True,True,
pfrazee,pfrazee/bezier-signatures,2014-11-14T17:44:44Z,1,1,JavaScript,True,True,
pfrazee,pfrazee/blogbot,2014-10-29T17:57:48Z,0,0,CSS,True,True,
pfrazee,pfrazee/bluebird,2013-10-04T13:47:43Z,0,0,JavaScript,True,True,mit
pfrazee,pfrazee/brooklynjs.github.io,2016-10-03T15:25:22Z,0,0,HTML,True,False,bsd-2-clause
pfrazee,pfrazee/Caret.js,2015-12-22T04:10:52Z,0,0,JavaScript,True,True,mit
pfrazee,pfrazee/check-json-schema,2018-11-07T17:28:23Z,4,4,JavaScript,True,True,
pfrazee,pfrazee/circular-append-file,2018-03-12T16:44:50Z,9,9,JavaScript,True,True,
pfrazee,pfrazee/citizen,2018-08-14T00:36:36Z,32,32,JavaScript,True,True,
pfrazee,pfrazee/cleaver,2014-04-04T18:04:39Z,0,0,JavaScript,True,True,mit
pfrazee,pfrazee/cont,2015-03-15T18:59:37Z,0,0,JavaScript,True,True,mit
pfrazee,pfrazee/crdt_notes,2014-09-13T17:49:23Z,985,985,,True,True,
pfrazee,pfrazee/crdt_talk,2014-11-18T00:28:53Z,8,8,JavaScript,True,True,
pfrazee,pfrazee/ctzn-editor,2021-05-10T19:05:26Z,4,4,JavaScript,True,True,
pfrazee,pfrazee/ctzn.network,2021-03-14T20:19:31Z,7,7,CSS,True,True,mit
pfrazee,pfrazee/ctznry,2021-02-02T18:27:33Z,24,24,CSS,True,True,mit
dhg,dhg/bean,2023-02-17T23:44:34Z,1,1,,True,True,other
dhg,dhg/bootstrap,2014-09-25T20:24:31Z,2,2,CSS,True,False,mit
dhg,dhg/Cinderblock,2012-02-11T06:39:19Z,227,227,JavaScript,True,True,
dhg,dhg/davegamache,2012-07-09T20:47:41Z,389,389,JavaScript,True,True,
dhg,dhg/davegamache.com,2011-09-19T00:28:46Z,16,16,PHP,True,True,
dhg,dhg/Glue,2012-04-05T15:37:56Z,58,58,JavaScript,True,True,
dhg,dhg/iosredditate,2013-12-13T22:28:37Z,4,4,,True,True,
dhg,dhg/Masonry,2014-02-28T04:06:23Z,2,2,Objective-C,True,True,mit
dhg,dhg/oldPrototype,2012-10-03T17:18:18Z,1,1,JavaScript,True,True,
dhg,dhg/Redditate,2011-08-27T02:17:55Z,140,140,JavaScript,True,True,
dhg,dhg/redditate_ios,2014-02-24T00:09:47Z,1,1,Swift,True,True,
dhg,dhg/Skeleton,2011-04-30T20:04:24Z,19094,19094,CSS,True,True,mit
dhg,dhg/sublime-snippets,2012-06-24T17:47:59Z,7,7,,True,True,
dhg,dhg/wander,2013-12-17T00:18:41Z,2,2,CSS,True,True,
aweary,aweary/1x.engineer,2019-11-20T00:24:39Z,2,2,,True,False,mit
aweary,aweary/AccessibilityNodeInfoRepoProject,2020-09-15T20:54:39Z,2,2,Kotlin,True,True,
aweary,aweary/accessible-wordle,2022-01-10T17:37:55Z,6,6,TypeScript,True,True,
aweary,aweary/acorn,2017-01-22T20:10:07Z,0,0,JavaScript,True,True,mit
aweary,aweary/actual,2024-04-07T05:09:27Z,0,0,,True,False,mit
aweary,aweary/alder,2017-01-24T01:48:35Z,227,227,JavaScript,True,True,mit
aweary,aweary/algorithms-and-data-structures,2017-12-15T01:33:24Z,17,17,JavaScript,True,True,
aweary,aweary/algorithms.js,2015-06-22T22:44:45Z,0,0,JavaScript,True,True,mit
aweary,aweary/animate.css,2016-09-20T21:27:03Z,0,0,CSS,True,False,mit
aweary,aweary/apollo-client,2016-06-16T14:23:53Z,0,0,TypeScript,True,True,mit
aweary,aweary/assert-report,2016-08-18T04:13:46Z,3,3,JavaScript,True,True,
aweary,aweary/assets,2022-04-21T04:37:09Z,1,1,CSS,True,True,
aweary,aweary/astexplorer,2019-11-09T05:07:15Z,0,0,,True,False,
aweary,aweary/austin,2015-07-29T03:34:36Z,0,0,JavaScript,True,True,
aweary,aweary/auth0-social-signin-issue,2015-10-16T17:48:55Z,0,0,JavaScript,True,True,
aweary,aweary/aweary,2020-07-12T15:07:58Z,1,1,,True,True,
aweary,aweary/aweary.github.io,2014-08-05T00:13:00Z,0,0,HTML,True,True,
aweary,aweary/awesome-react,2015-08-07T21:42:27Z,0,0,JavaScript,True,True,
aweary,aweary/awesome-reason,2016-10-10T14:47:07Z,0,0,,True,True,mit
aweary,aweary/awesome-redux,2016-06-29T00:57:57Z,1,1,,True,True,
aweary,aweary/axe-core,2019-04-17T03:08:53Z,1,1,JavaScript,True,False,mpl-2.0
aweary,aweary/babel,2018-12-05T20:00:44Z,1,1,JavaScript,True,True,mit
aweary,aweary/babel-rust,2017-01-21T18:38:44Z,7,7,,True,True,mit
aweary,aweary/babylon,2017-01-22T20:09:40Z,0,0,JavaScript,True,True,mit
aweary,aweary/BidirectionalTypechecking,2019-11-14T06:12:48Z,2,2,,True,True,
aweary,aweary/blog,2019-03-04T02:20:21Z,10,10,TypeScript,True,True,
aweary,aweary/brandondail.me,2015-08-18T21:07:34Z,0,0,JavaScript,True,True,
aweary,aweary/bst,2017-07-02T03:16:40Z,3,3,JavaScript,True,True,
aweary,aweary/bucklescript-addons,2016-10-27T21:27:42Z,0,0,JavaScript,True,True,
aweary,aweary/build-your-own-mint,2019-08-12T01:37:35Z,0,0,HTML,True,False,mit
hdm,hdm/2017-BSidesLV-Modern-Recon,2017-07-17T18:37:33Z,51,51,,True,True,bsd-2-clause
hdm,hdm/axman,2011-11-04T04:39:50Z,27,27,JavaScript,True,True,other
hdm,hdm/CutyCapt-Insecure-Smooth,2017-05-16T19:46:41Z,2,2,C++,True,True,
hdm,hdm/decks-2024-lascon-numerology,2024-10-27T22:56:02Z,0,0,Vue,True,True,
hdm,hdm/framework1,2015-11-22T19:28:12Z,1,1,Perl,True,True,gpl-2.0
hdm,hdm/framework2,2015-11-22T19:28:20Z,1,1,Perl,True,True,
hdm,hdm/gopacket,2021-08-19T01:46:01Z,0,0,Go,True,False,bsd-3-clause
hdm,hdm/gosnmp,2021-08-22T20:18:32Z,0,0,Go,True,True,other
hdm,hdm/Huawei-firewall-tools,2018-04-25T17:04:20Z,1,1,Python,True,True,
hdm,hdm/inetdata,2016-12-03T16:22:50Z,147,147,Ruby,True,True,mit
hdm,hdm/inetdata-parsers,2016-12-07T04:14:05Z,55,55,Go,True,True,mit
hdm,hdm/jarm-go,2020-11-21T16:22:11Z,119,119,Go,False,False,other
hdm,hdm/java-jmx-target,2015-10-09T20:59:35Z,3,3,Java,True,True,
hdm,hdm/juniper-cve-2015-7755,2015-12-18T20:20:01Z,102,102,C,True,True,
hdm,hdm/mac-ages,2018-09-30T21:19:30Z,574,574,Ruby,True,True,other
hdm,hdm/mac-tracker,2018-10-02T07:24:35Z,30,30,Ruby,True,True,other
hdm,hdm/MEMZ,2016-08-20T07:55:59Z,1,1,C++,True,True,
hdm,hdm/metasploit-framework,2013-04-08T18:25:37Z,105,105,Ruby,True,True,other
hdm,hdm/metasploit-payloads,2017-06-24T14:17:22Z,1,1,C,True,True,other
hdm,hdm/metasploit-propaganda,2015-11-22T19:28:30Z,3,3,,True,False,other
hdm,hdm/mtbl-go,2016-12-30T20:54:06Z,2,2,Go,True,True,apache-2.0
hdm,hdm/nextnet,2018-02-08T05:09:54Z,445,445,Go,True,True,bsd-2-clause
hdm,hdm/pgcompacttable,2022-08-22T00:50:37Z,1,1,,True,True,
hdm,hdm/pingline,2016-06-07T06:27:54Z,4,4,Ruby,True,True,
hdm,hdm/pr-slidev-showcases,2024-10-27T23:16:28Z,0,0,TypeScript,True,False,mit
hdm,hdm/q3hooks,2019-01-24T16:02:04Z,0,0,C,True,True,
hdm,hdm/rpi-fireberry,2020-11-22T18:21:41Z,2,2,Go,True,True,mit
hdm,hdm/ruby-gem-install,2016-05-12T06:42:11Z,4,4,Ruby,True,True,
hdm,hdm/ruby-gem-uninstall,2016-05-12T06:42:18Z,0,0,Ruby,True,True,
hdm,hdm/ruby-mtbl,2015-11-28T02:35:48Z,2,2,C,True,True,apache-2.0
mrocklin,mrocklin/abstract_rendering,2014-11-04T20:47:32Z,0,0,,True,True,other
mrocklin,mrocklin/aicsimageio,2022-05-25T19:52:11Z,0,0,,True,True,other
mrocklin,mrocklin/alettertofaye,2012-02-10T01:20:18Z,1,1,,True,True,other
mrocklin,mrocklin/ape,2012-01-25T01:26:07Z,6,6,Python,True,True,
mrocklin,mrocklin/arxiv-matplotlib,2022-09-24T00:40:14Z,37,37,Jupyter Notebook,True,True,bsd-3-clause
mrocklin,mrocklin/astro.pangeo.io-deploy,2018-10-12T16:59:05Z,1,1,Jupyter Notebook,True,True,
mrocklin,mrocklin/autograd,2018-05-09T19:09:28Z,2,2,Python,True,True,mit
mrocklin,mrocklin/ball,2013-07-20T19:36:56Z,0,0,JavaScript,True,True,
mrocklin,mrocklin/bcolz,2014-10-08T14:59:56Z,0,0,C,True,True,
mrocklin,mrocklin/benchtoolz,2014-06-21T17:25:28Z,0,0,Python,True,True,other
mrocklin,mrocklin/binder-bokeh-server,2018-09-13T13:32:16Z,2,2,Python,True,True,bsd-3-clause
mrocklin,mrocklin/blaze,2014-02-07T17:04:42Z,2,2,Python,True,True,bsd-3-clause
mrocklin,mrocklin/blaze-scipy-2014,2014-07-14T00:25:27Z,6,6,,True,True,
mrocklin,mrocklin/blaze-tutorial,2015-01-16T16:57:43Z,12,12,,True,True,
mrocklin,mrocklin/blazingsql,2020-08-14T17:05:16Z,0,0,,True,True,apache-2.0
mrocklin,mrocklin/blog,2012-10-29T14:02:48Z,11,11,HTML,True,True,
mrocklin,mrocklin/blz,2014-04-07T17:31:09Z,0,0,C,True,True,
mrocklin,mrocklin/bokeh,2015-12-10T19:49:15Z,1,1,CoffeeScript,True,True,bsd-3-clause
mrocklin,mrocklin/bquery,2015-05-31T02:14:19Z,0,0,Python,True,True,bsd-3-clause
mrocklin,mrocklin/by-example,2015-12-18T16:17:09Z,0,0,HTML,True,True,
mrocklin,mrocklin/c-blosc,2015-05-10T20:32:49Z,0,0,C,True,True,
mrocklin,mrocklin/candidacy-exam,2013-03-05T00:18:28Z,0,0,DOT,True,True,
mrocklin,mrocklin/castra,2015-05-31T19:07:11Z,0,0,Python,True,True,bsd-3-clause
mrocklin,mrocklin/charts,2017-12-02T19:27:38Z,1,1,Smarty,True,True,apache-2.0
mrocklin,mrocklin/chest,2014-11-29T16:42:35Z,18,18,Python,True,True,other
mrocklin,mrocklin/cise-sympy-stats,2012-02-21T16:41:55Z,3,3,Python,True,True,
mrocklin,mrocklin/classtoolz,2013-06-17T22:53:23Z,7,7,Python,True,True,other
mrocklin,mrocklin/clojure-koans,2012-04-20T12:43:52Z,1,1,Clojure,True,True,
mrocklin,mrocklin/cloudpickle,2016-01-04T02:15:09Z,0,0,Python,True,True,other
mrocklin,mrocklin/cloudpickle-feedstock,2016-12-31T23:49:50Z,1,1,Shell,True,False,bsd-3-clause
JessicaSachs,JessicaSachs/AlertTesterAppium,2014-12-01T02:07:32Z,0,0,Python,True,True,
JessicaSachs,JessicaSachs/awesome-vite,2021-08-20T00:40:38Z,0,0,JavaScript,True,True,mit
JessicaSachs,JessicaSachs/blingjson,2015-01-29T00:18:44Z,0,0,Python,True,True,mit
JessicaSachs,JessicaSachs/brainee,2022-09-15T21:19:48Z,0,0,TypeScript,True,True,mit
JessicaSachs,JessicaSachs/bug-reproductions,2021-04-08T00:38:06Z,1,1,JavaScript,True,True,
JessicaSachs,JessicaSachs/bundl-pack,2018-11-03T02:09:14Z,0,0,JavaScript,True,True,
JessicaSachs,JessicaSachs/bunker,2022-02-11T08:45:00Z,0,0,,True,True,other
JessicaSachs,JessicaSachs/carbon,2020-05-03T02:39:11Z,1,1,,True,False,mit
JessicaSachs,JessicaSachs/cardinal,2020-07-17T01:32:10Z,0,0,,True,True,mit
JessicaSachs,JessicaSachs/chakra-nuxt-static-example,2020-09-18T12:46:21Z,0,0,Vue,True,True,
JessicaSachs,JessicaSachs/chakra-ui-vue-next,2021-03-21T05:40:35Z,1,1,,True,True,
JessicaSachs,JessicaSachs/clean-vue-router-mock,2021-02-09T03:42:01Z,1,1,Vue,True,True,
JessicaSachs,JessicaSachs/components,2021-11-24T05:37:17Z,0,0,,True,True,mit
JessicaSachs,JessicaSachs/create-vue,2022-06-03T08:20:50Z,0,0,,True,True,other
JessicaSachs,JessicaSachs/critters,2021-12-30T00:19:14Z,0,0,,True,False,apache-2.0
JessicaSachs,JessicaSachs/crossword,2020-09-06T11:25:54Z,2,2,JavaScript,True,True,
JessicaSachs,JessicaSachs/cy-component-interview,2020-05-22T21:48:54Z,0,0,Vue,True,True,
JessicaSachs,JessicaSachs/cy-ct-cra,2021-08-10T17:31:14Z,0,0,,True,True,
JessicaSachs,JessicaSachs/cy-styles-missing,2021-08-17T16:30:50Z,0,0,JavaScript,True,True,
JessicaSachs,JessicaSachs/cypress,2020-09-17T00:08:41Z,1,1,JavaScript,True,False,mit
JessicaSachs,JessicaSachs/cypress-abstract-router,2020-09-15T17:47:50Z,0,0,JavaScript,True,True,
JessicaSachs,JessicaSachs/cypress-basic-vue-cli-component-test,2020-04-07T02:24:57Z,0,0,Vue,True,True,
JessicaSachs,JessicaSachs/cypress-benchmarking-examples,2020-05-19T18:08:52Z,1,1,JavaScript,True,True,
JessicaSachs,JessicaSachs/cypress-loves-vite,2021-04-04T23:51:39Z,49,49,JavaScript,True,True,
JessicaSachs,JessicaSachs/cypress-loves-vitesse,2021-04-04T05:45:18Z,2,2,TypeScript,True,True,mit
JessicaSachs,JessicaSachs/cypress-next-react-server-components,2023-03-26T22:54:31Z,0,0,,True,True,
JessicaSachs,JessicaSachs/cypress-preserveModuleImports-bug,2022-03-31T22:00:47Z,1,1,Vue,True,True,
JessicaSachs,JessicaSachs/cypress-real-events,2022-02-09T23:30:38Z,0,0,,True,True,mit
JessicaSachs,JessicaSachs/cypress-renderless-components,2020-04-20T22:54:56Z,0,0,JavaScript,True,True,
JessicaSachs,JessicaSachs/cypress-router-vue-cli-component-test,2020-04-07T04:50:55Z,2,2,Vue,True,True,
codinghemp,codinghemp/Android-Open-Sourse-Library,2023-02-01T05:55:32Z,6,6,,True,True,
codinghemp,codinghemp/awesome-github-profile-readme-templates,2023-02-01T06:52:57Z,13,13,,True,True,
codinghemp,codinghemp/codinghemp,2023-03-08T23:26:27Z,11,11,,True,True,
codinghemp,codinghemp/DPS0340,2023-04-03T10:59:31Z,4,4,,True,True,mit
codinghemp,codinghemp/GianniGaspari,2023-03-11T19:04:08Z,8,8,,True,False,
codinghemp,codinghemp/github-markdown-toc,2023-02-01T06:53:46Z,6,6,,True,True,mit
codinghemp,codinghemp/github-readme-stats,2023-02-01T06:52:22Z,5,5,,True,False,mit
codinghemp,codinghemp/go-admin,2023-02-27T06:10:04Z,10,10,,True,True,apache-2.0
codinghemp,codinghemp/mock-14,2023-02-01T06:49:55Z,4,4,,True,True,
codinghemp,codinghemp/NazmusSayad,2023-03-11T19:14:16Z,6,6,,True,True,
codinghemp,codinghemp/open-source-ios-apps,2023-02-01T06:46:55Z,5,5,,True,True,cc0-1.0
codinghemp,codinghemp/opensource.guide,2023-02-01T06:50:30Z,6,6,,True,False,cc-by-4.0
codinghemp,codinghemp/project_openai_codex,2023-02-28T23:44:39Z,4,4,,True,True,
codinghemp,codinghemp/rashidwassan,2023-02-23T05:56:07Z,7,7,,True,True,
codinghemp,codinghemp/README,2023-02-01T06:51:47Z,5,5,,True,True,unlicense
codinghemp,codinghemp/repiome,2023-02-18T13:58:37Z,7,7,JavaScript,True,True,
codinghemp,codinghemp/Scrabbling-Java-With-CF,2023-02-26T22:01:43Z,4,4,,True,True,mit
codinghemp,codinghemp/WillDev12,2023-04-03T11:01:57Z,4,4,,True,True,
srowen,srowen/acme-forecast,2020-08-12T21:14:59Z,0,0,Python,True,True,
srowen,srowen/autoenc-neurons,2017-07-23T10:46:02Z,0,0,Python,False,False,apache-2.0
srowen,srowen/cdsw-simple-serving,2017-03-15T16:41:48Z,14,14,Scala,False,False,apache-2.0
srowen,srowen/dais-2021-churn,2021-10-20T20:26:31Z,2,2,Python,True,True,
srowen,srowen/nih_xray_demo,2020-12-28T20:28:01Z,0,0,Python,True,True,
srowen,srowen/oryx,2014-08-08T10:23:24Z,14,14,Java,True,True,apache-2.0
srowen,srowen/quatrains-rnn,2017-07-07T12:12:56Z,3,3,Python,False,False,apache-2.0
srowen,srowen/rnn-fft,2017-08-28T11:17:24Z,0,0,Python,True,True,apache-2.0
srowen,srowen/serve_dolly,2023-04-21T01:12:59Z,3,3,Python,True,True,
srowen,srowen/spark,2014-02-27T07:57:07Z,7,7,Scala,True,False,apache-2.0
srowen,srowen/spark-website,2016-07-12T12:47:58Z,0,0,HTML,True,False,apache-2.0
srowen,srowen/spark-xml,2019-07-31T16:23:14Z,0,0,Scala,True,True,apache-2.0
srowen,srowen/streaming,2024-08-12T17:18:44Z,0,0,Python,True,False,apache-2.0
srowen,srowen/zxing-bsplus,2014-01-23T20:44:07Z,20,20,Java,False,True,apache-2.0
ruotianluo,ruotianluo/adaptis.pytorch,2020-05-01T22:52:43Z,4,4,Jupyter Notebook,True,True,mpl-2.0
ruotianluo,ruotianluo/attention-is-all-you-need-pytorch,2018-05-29T22:05:26Z,0,0,Python,True,True,mit
ruotianluo,ruotianluo/awesome-torch,2016-03-13T06:00:19Z,2,2,,True,True,
ruotianluo,ruotianluo/baipiao_jianying,2021-07-29T04:32:31Z,79,79,Python,True,True,
ruotianluo,ruotianluo/bandit-nmt,2017-10-30T04:14:04Z,0,0,Python,True,True,other
ruotianluo,ruotianluo/bert-convert-to-pth,2018-11-01T06:13:22Z,4,4,Python,True,True,apache-2.0
ruotianluo,ruotianluo/BILIBILI-HELPER,2020-11-30T05:55:26Z,1,1,Java,True,True,mit
ruotianluo,ruotianluo/bottom-up-attention-ai-challenger,2017-12-20T20:15:25Z,38,38,Jupyter Notebook,True,True,mit
ruotianluo,ruotianluo/builder,2020-05-20T04:34:23Z,0,0,,True,True,bsd-2-clause
ruotianluo,ruotianluo/canada_us_visa_spotter,2022-05-13T06:57:35Z,8,8,Python,True,True,
ruotianluo,ruotianluo/CenterNet,2019-04-17T13:49:58Z,0,0,Python,True,True,mit
ruotianluo,ruotianluo/cider,2017-02-15T23:39:06Z,32,32,OpenEdge ABL,True,True,other
ruotianluo,ruotianluo/CNNMRF-random,2016-05-12T03:09:10Z,0,0,Lua,True,True,mit
ruotianluo,ruotianluo/coco-caption,2018-10-27T23:58:21Z,65,65,Jupyter Notebook,True,True,other
ruotianluo,ruotianluo/coco-caption-old,2017-09-04T04:58:44Z,2,2,Jupyter Notebook,True,True,other
ruotianluo,ruotianluo/cocoapi,2018-09-12T01:16:12Z,1,1,Jupyter Notebook,True,True,other
ruotianluo,ruotianluo/Context-aware-ZSR,2019-04-07T20:18:30Z,58,58,Python,True,True,mit
ruotianluo,ruotianluo/continual-learning,2019-05-30T04:35:44Z,0,0,Python,True,True,mit
ruotianluo,ruotianluo/cunn,2017-01-13T06:30:30Z,0,0,Cuda,True,True,other
ruotianluo,ruotianluo/dbs,2017-09-25T18:18:46Z,0,0,Lua,True,True,
ruotianluo,ruotianluo/deit-relative-att,2021-03-21T16:18:57Z,3,3,Python,True,False,apache-2.0
ruotianluo,ruotianluo/detectorch,2018-03-08T22:01:25Z,1,1,Jupyter Notebook,True,True,other
ruotianluo,ruotianluo/Detectron.pytorch,2018-04-17T14:25:05Z,1,1,Python,True,True,mit
ruotianluo,ruotianluo/DiscCaptioning,2018-06-07T15:42:12Z,110,110,Python,True,True,
ruotianluo,ruotianluo/distiller,2018-05-18T06:28:17Z,0,0,Python,True,True,apache-2.0
ruotianluo,ruotianluo/duckiefleet,2017-11-17T21:41:11Z,0,0,,True,False,
ruotianluo,ruotianluo/duckietown_project_pose_estimation,2017-12-03T19:27:59Z,0,0,Python,True,True,
ruotianluo,ruotianluo/EasyContext,2024-05-03T02:30:52Z,0,0,,True,True,apache-2.0
ruotianluo,ruotianluo/end-to-end-negotiator,2017-10-19T08:18:48Z,1,1,Python,True,True,other
ruotianluo,ruotianluo/Faster-RCNN-Densecap-torch,2016-06-23T21:03:41Z,85,85,Jupyter Notebook,True,True,mit
aaronabramov,aaronabramov/777,2016-04-23T06:04:23Z,0,0,JavaScript,True,True,
aaronabramov,aaronabramov/aaronabramov.github.io,2018-07-26T02:08:56Z,1,1,HTML,True,True,
aaronabramov,aaronabramov/abramov.io,2020-03-21T19:43:38Z,2,2,JavaScript,True,True,mit
aaronabramov,aaronabramov/abrams.cc,2023-04-12T14:26:07Z,0,0,TypeScript,True,False,mit
aaronabramov,aaronabramov/algorithms,2013-11-01T22:56:39Z,0,0,Ruby,True,True,
aaronabramov,aaronabramov/algorithms.js,2014-05-30T15:40:38Z,0,0,JavaScript,True,True,
aaronabramov,aaronabramov/atom-esfmt,2015-12-29T04:38:05Z,1,1,CoffeeScript,True,True,mit
aaronabramov,aaronabramov/atom-ide-ui,2018-06-21T20:26:03Z,0,0,JavaScript,True,False,other
aaronabramov,aaronabramov/awesome-rust-mentors,2020-12-05T16:31:14Z,0,0,,True,True,
aaronabramov,aaronabramov/babel,2018-05-09T16:07:43Z,0,0,JavaScript,True,True,mit
aaronabramov,aaronabramov/backbone,2013-01-05T04:43:33Z,0,0,JavaScript,True,True,mit
aaronabramov,aaronabramov/backbone-uploader,2013-01-24T01:56:02Z,0,0,JavaScript,True,True,
aaronabramov,aaronabramov/backbone.marionette,2013-04-28T02:59:06Z,0,0,JavaScript,True,True,other
aaronabramov,aaronabramov/book,2019-07-16T00:58:20Z,0,0,HTML,True,False,mit
aaronabramov,aaronabramov/CalendarPicker,2016-05-10T17:58:51Z,0,0,JavaScript,True,True,
aaronabramov,aaronabramov/carpool,2015-06-18T03:29:09Z,0,0,JavaScript,True,True,
aaronabramov,aaronabramov/chch-clj,2014-05-09T15:54:49Z,0,0,Clojure,True,True,
aaronabramov,aaronabramov/chord-shapes,2015-01-14T02:45:36Z,0,0,,True,True,
aaronabramov,aaronabramov/cli-usage,2016-09-08T01:39:36Z,0,0,JavaScript,True,True,
aaronabramov,aaronabramov/clojure-haml,2013-08-27T22:57:14Z,0,0,Clojure,True,True,mit
aaronabramov,aaronabramov/clojure-lastfm,2014-05-31T06:27:14Z,0,0,Clojure,True,True,epl-1.0
aaronabramov,aaronabramov/clojure-mercator-projection,2013-09-14T21:21:40Z,1,1,Clojure,True,True,
aaronabramov,aaronabramov/clojure-style-guide,2014-10-10T19:45:07Z,0,0,,True,True,
aaronabramov,aaronabramov/codeframe,2020-06-23T16:17:03Z,1,1,,True,True,mit
aaronabramov,aaronabramov/commonjs,2013-09-09T21:07:27Z,1,1,JavaScript,True,True,
aaronabramov,aaronabramov/covid_data,2020-11-24T17:59:19Z,0,0,Rust,True,True,
aaronabramov,aaronabramov/create-wasm-app,2019-07-12T16:03:43Z,0,0,JavaScript,True,True,apache-2.0
aaronabramov,aaronabramov/dmitriiabramov.web,2016-04-26T04:46:00Z,0,0,HTML,True,True,
aaronabramov,aaronabramov/dotfiles,2012-12-03T12:21:28Z,0,0,Shell,True,True,
aaronabramov,aaronabramov/draft-js,2016-09-10T05:49:39Z,0,0,JavaScript,True,True,other
pry0cc,pry0cc/0x00blog,2019-12-28T15:56:15Z,2,2,Ruby,True,True,
pry0cc,pry0cc/autocrack,2020-06-19T02:28:28Z,42,42,Shell,True,True,
pry0cc,pry0cc/awh,2021-04-06T03:21:17Z,16,16,Shell,True,True,
pry0cc,pry0cc/axiom,2020-05-17T21:55:02Z,4043,4043,Shell,True,True,mit
pry0cc,pry0cc/axiom-backup,2020-06-16T00:39:19Z,3,3,Shell,True,True,
pry0cc,pry0cc/axiom-local,2020-10-27T15:13:58Z,5,5,Shell,True,True,
pry0cc,pry0cc/axiom-standalone,2022-04-23T18:34:50Z,5,5,Shell,True,True,
pry0cc,pry0cc/basebox-1,2020-06-08T23:12:02Z,3,3,Shell,True,True,
pry0cc,pry0cc/bbrf-client,2021-01-22T21:32:23Z,1,1,Python,True,True,
pry0cc,pry0cc/BlueKeepTracker,2019-05-21T11:37:00Z,5,5,Ruby,True,True,
pry0cc,pry0cc/breakthelaw,2019-02-12T19:56:44Z,8,8,HTML,True,True,
pry0cc,pry0cc/c2ssh,2018-03-20T19:53:51Z,1,1,Ruby,True,True,
pry0cc,pry0cc/Carbon-API,2020-10-24T20:25:30Z,0,0,,True,True,lgpl-3.0
pry0cc,pry0cc/chameleon-shell,2018-07-18T19:00:50Z,3,3,PHP,True,True,
pry0cc,pry0cc/ciscobruter,2018-03-19T21:03:55Z,5,5,Ruby,True,True,
pry0cc,pry0cc/cloud-ranges,2020-06-28T14:32:08Z,461,461,Ruby,True,True,
pry0cc,pry0cc/cloudlist,2021-02-08T17:32:57Z,1,1,,True,True,mit
pry0cc,pry0cc/cngrab,2020-06-30T12:34:42Z,1,1,Python,True,True,
pry0cc,pry0cc/CobaltStrike-ToolKit,2019-01-21T14:22:47Z,2,2,Shell,True,True,gpl-2.0
pry0cc,pry0cc/CoinHive-Leaderboard,2017-09-25T20:09:22Z,1,1,HTML,True,True,
pry0cc,pry0cc/CredCatch,2018-11-21T20:56:11Z,49,49,Ruby,True,True,
pry0cc,pry0cc/crobat-client,2020-03-11T23:25:28Z,23,23,Go,True,True,
pry0cc,pry0cc/CTFd,2017-11-15T17:07:08Z,2,2,Python,True,True,apache-2.0
pry0cc,pry0cc/cve-2019-0708-2,2019-05-15T09:32:28Z,3,3,Python,True,True,
pry0cc,pry0cc/CyberChef,2019-02-16T21:49:13Z,3,3,JavaScript,True,True,apache-2.0
pry0cc,pry0cc/dionaea-vagrant,2018-07-10T12:04:01Z,2,2,Shell,True,True,gpl-3.0
pry0cc,pry0cc/docker-ngircd,2017-12-26T21:17:22Z,2,2,,True,True,mit
pry0cc,pry0cc/docker-retriforce,2017-10-15T12:32:40Z,1,1,,True,True,mit
pry0cc,pry0cc/docker-tor-hidden-service,2017-10-18T16:45:17Z,1,1,Python,True,True,
pry0cc,pry0cc/Doh365,2020-02-24T13:04:48Z,51,51,Ruby,True,True,
teoliphant,teoliphant/apug,2013-03-14T23:11:32Z,0,0,Python,True,True,
teoliphant,teoliphant/awesome-python,2014-07-12T06:49:41Z,36,36,,True,False,
teoliphant,teoliphant/binstar_client,2014-01-10T03:44:44Z,0,0,Python,True,True,
teoliphant,teoliphant/bitarray,2012-01-18T03:55:11Z,2,2,Python,True,False,other
teoliphant,teoliphant/depsolver,2013-03-07T17:38:14Z,1,1,Python,True,True,other
teoliphant,teoliphant/ExPy,2014-03-08T06:21:05Z,0,0,Python,True,True,bsd-3-clause
teoliphant,teoliphant/familysearch-python-sdk-opensource,2017-06-04T20:34:09Z,2,2,Python,True,False,bsd-2-clause
teoliphant,teoliphant/gcs,2020-12-17T15:28:17Z,1,1,,True,True,bsd-3-clause
teoliphant,teoliphant/governance,2020-08-14T15:42:10Z,1,1,,True,True,cc-by-4.0
teoliphant,teoliphant/intake,2018-03-14T05:32:45Z,0,0,Python,True,True,bsd-2-clause
teoliphant,teoliphant/manifesto,2023-08-15T18:30:42Z,1,1,HTML,True,False,apache-2.0
teoliphant,teoliphant/molmod,2013-10-30T21:28:09Z,0,0,Python,True,True,gpl-3.0
teoliphant,teoliphant/ndtypes,2017-08-31T04:41:42Z,0,0,C,True,True,bsd-3-clause
teoliphant,teoliphant/numba,2012-07-18T16:49:36Z,5,5,Python,True,True,bsd-2-clause
teoliphant,teoliphant/numfocus.org,2013-11-15T06:54:44Z,0,0,CSS,True,True,other
teoliphant,teoliphant/numpy,2018-10-27T00:51:02Z,5,5,C,True,True,other
teoliphant,teoliphant/numpy-refactor,2010-04-29T15:32:26Z,20,20,C,True,True,bsd-3-clause
teoliphant,teoliphant/Numpy4J,2013-08-26T22:33:46Z,0,0,Java,True,True,apache-2.0
teoliphant,teoliphant/open-in-nbviewer,2013-10-31T06:22:38Z,0,0,JavaScript,True,True,mit
teoliphant,teoliphant/Probabilistic-Programming-and-Bayesian-Methods-for-Hackers,2013-06-07T03:40:40Z,14,14,Python,True,True,mit
teoliphant,teoliphant/PyBambooHR,2020-02-05T02:58:00Z,1,1,,True,True,mit
teoliphant,teoliphant/pycosat,2013-03-26T19:59:36Z,1,1,,True,True,
teoliphant,teoliphant/pyhpc.github.com,2013-11-16T23:42:13Z,0,0,JavaScript,True,True,
teoliphant,teoliphant/Python-for-Signal-Processing,2015-08-03T18:34:49Z,11,11,Python,True,True,other
teoliphant,teoliphant/python-packaging-user-guide,2014-04-12T04:16:32Z,1,1,Python,True,False,
teoliphant,teoliphant/scikit-image,2012-11-12T06:56:16Z,1,1,Python,True,True,other
teoliphant,teoliphant/scipy,2012-01-10T23:31:48Z,5,5,C,True,False,other
teoliphant,teoliphant/scipyhistory,2015-07-16T00:29:48Z,2,2,,True,True,
teoliphant,teoliphant/sklearn_pycon2014,2014-04-10T07:10:48Z,0,0,Python,True,True,bsd-3-clause
teoliphant,teoliphant/speed,2013-02-26T06:20:31Z,1,1,C,True,False,
PaulRashidi,PaulRashidi/android-perf-testing,2018-01-04T00:08:37Z,1,1,Java,True,False,apache-2.0
PaulRashidi,PaulRashidi/appengine-endpoints-helloendpoints-android,2016-04-18T17:03:20Z,0,0,Java,True,True,apache-2.0
PaulRashidi,PaulRashidi/go,2024-04-13T16:35:05Z,0,0,,True,True,bsd-3-clause
PaulRashidi,PaulRashidi/google.aip.dev,2024-05-14T16:23:48Z,0,0,,True,False,other
PaulRashidi,PaulRashidi/iosched,2015-01-08T04:15:31Z,10,10,Java,True,False,apache-2.0
PaulRashidi,PaulRashidi/play-services-plugins,2018-08-02T18:48:44Z,0,0,Java,True,True,apache-2.0
